"rt","key_press","time_elapsed","olife","demographics","chosRoomID","chosRoomProb","chosRoomRews","chosRoomPlay","unchosRoomID","unchosRoomProb","unchosRoomRews","unchosRoomPlay","rewVal","rewCol","chosPie"
"971.7950000049314","37","56596","1/,1/,2/,1/,1/,1/,1/,1/,2/,2/,1/,2/,2/,1/,2/,1/,2/,1/,2/,2/,2/,1/,1/,1/,1/,1/,1/,2/,2/,1/,1/,2/,1/,1/,2/,1/,2/,2/,2/,2/,2/,2/,1/","1,1,2,32","4A1,4A2","0,0.3,0.7,0.1,0.2,0.7","0,-1,1","s","10A1,10A2","0,0.6,0.4,0.07,0.2,0.73","2,1,2","a","","",""
"519.639999998617","37","58824","1/,1/,2/,1/,1/,1/,1/,1/,2/,2/,1/,2/,2/,1/,2/,1/,2/,1/,2/,2/,2/,1/,1/,1/,1/,1/,1/,2/,2/,1/,1/,2/,1/,1/,2/,1/,2/,2/,2/,2/,2/,2/,1/","1,1,2,32","","","","","","","","","1","Blue2","4A1"
"543.180000007851","39","63080","1/,1/,2/,1/,1/,1/,1/,1/,2/,2/,1/,2/,2/,1/,2/,1/,2/,1/,2/,2/,2/,1/,1/,1/,1/,1/,1/,2/,2/,1/,1/,2/,1/,1/,2/,1/,2/,2/,2/,2/,2/,2/,1/","1,1,2,32","","","","","","","","","1","Blue2","4A2"
"339.8999999917578","37","67130","1/,1/,2/,1/,1/,1/,1/,1/,2/,2/,1/,2/,2/,1/,2/,1/,2/,1/,2/,2/,2/,1/,1/,1/,1/,1/,1/,2/,2/,1/,1/,2/,1/,1/,2/,1/,2/,2/,2/,2/,2/,2/,1/","1,1,2,32","","","","","","","","","1","Blue2","4A1"
"514.3850000022212","39","71358","1/,1/,2/,1/,1/,1/,1/,1/,2/,2/,1/,2/,2/,1/,2/,1/,2/,1/,2/,2/,2/,1/,1/,1/,1/,1/,1/,2/,2/,1/,1/,2/,1/,1/,2/,1/,2/,2/,2/,2/,2/,2/,1/","1,1,2,32","","","","","","","","","-1","Green2","4A2"
"787.4749999900814","39","75857","1/,1/,2/,1/,1/,1/,1/,1/,2/,2/,1/,2/,2/,1/,2/,1/,2/,1/,2/,2/,2/,1/,1/,1/,1/,1/,1/,2/,2/,1/,1/,2/,1/,1/,2/,1/,2/,2/,2/,2/,2/,2/,1/","1,1,2,32","4A2,4A1","0.1,0.2,0.7,0,0.3,0.7","1,-1,1","a","10A2,10A1","0.07,0.2,0.73,0,0.6,0.4","2,2,1","s","","",""
"551.0950000025332","39","78116","1/,1/,2/,1/,1/,1/,1/,1/,2/,2/,1/,2/,2/,1/,2/,1/,2/,1/,2/,2/,2/,1/,1/,1/,1/,1/,1/,2/,2/,1/,1/,2/,1/,1/,2/,1/,2/,2/,2/,2/,2/,2/,1/","1,1,2,32","","","","","","","","","1","Blue2","4A1"
"476.20000000461005","37","82309","1/,1/,2/,1/,1/,1/,1/,1/,2/,2/,1/,2/,2/,1/,2/,1/,2/,1/,2/,2/,2/,1/,1/,1/,1/,1/,1/,2/,2/,1/,1/,2/,1/,1/,2/,1/,2/,2/,2/,2/,2/,2/,1/","1,1,2,32","","","","","","","","","1","Blue2","4A2"
"489.2649999965215","39","86510","1/,1/,2/,1/,1/,1/,1/,1/,2/,2/,1/,2/,2/,1/,2/,1/,2/,1/,2/,2/,2/,1/,1/,1/,1/,1/,1/,2/,2/,1/,1/,2/,1/,1/,2/,1/,2/,2/,2/,2/,2/,2/,1/","1,1,2,32","","","","","","","","","1","Blue2","4A1"
"410.8249999990221","37","90632","1/,1/,2/,1/,1/,1/,1/,1/,2/,2/,1/,2/,2/,1/,2/,1/,2/,1/,2/,2/,2/,1/,1/,1/,1/,1/,1/,2/,2/,1/,1/,2/,1/,1/,2/,1/,2/,2/,2/,2/,2/,2/,1/","1,1,2,32","","","","","","","","","-1","Green2","4A2"
"1981.8250000098487","37","96328","1/,1/,2/,1/,1/,1/,1/,1/,2/,2/,1/,2/,2/,1/,2/,1/,2/,1/,2/,2/,2/,1/,1/,1/,1/,1/,1/,2/,2/,1/,1/,2/,1/,1/,2/,1/,2/,2/,2/,2/,2/,2/,1/","1,1,2,32","4B1,4B2","0.3,0.7,0,0.2,0.7,0.1","1,2,1","a","15B1,15B2","0.7,0.3,0,0.2,0.7,0.1","1,2,-1","s","","",""
"1627.8149999998277","39","99667","1/,1/,2/,1/,1/,1/,1/,1/,2/,2/,1/,2/,2/,1/,2/,1/,2/,1/,2/,2/,2/,1/,1/,1/,1/,1/,1/,2/,2/,1/,1/,2/,1/,1/,2/,1/,2/,2/,2/,2/,2/,2/,1/","1,1,2,32","","","","","","","","","2","Green2","4B2"
"315.78999999328516","37","103697","1/,1/,2/,1/,1/,1/,1/,1/,2/,2/,1/,2/,2/,1/,2/,1/,2/,1/,2/,2/,2/,1/,1/,1/,1/,1/,1/,2/,2/,1/,1/,2/,1/,1/,2/,1/,2/,2/,2/,2/,2/,2/,1/","1,1,2,32","","","","","","","","","2","Green2","4B1"
"527.5199999887263","37","107936","1/,1/,2/,1/,1/,1/,1/,1/,2/,2/,1/,2/,2/,1/,2/,1/,2/,1/,2/,2/,2/,1/,1/,1/,1/,1/,1/,2/,2/,1/,1/,2/,1/,1/,2/,1/,2/,2/,2/,2/,2/,2/,1/","1,1,2,32","","","","","","","","","2","Green2","4B1"
"1733.5000000020955","37","114429","1/,1/,2/,1/,1/,1/,1/,1/,2/,2/,1/,2/,2/,1/,2/,1/,2/,1/,2/,2/,2/,1/,1/,1/,1/,1/,1/,2/,2/,1/,1/,2/,1/,1/,2/,1/,2/,2/,2/,2/,2/,2/,1/","1,1,2,32","","","","","","","","","2","Green2","4B1"
"708.6700000072597","39","118852","1/,1/,2/,1/,1/,1/,1/,1/,2/,2/,1/,2/,2/,1/,2/,1/,2/,1/,2/,2/,2/,1/,1/,1/,1/,1/,1/,2/,2/,1/,1/,2/,1/,1/,2/,1/,2/,2/,2/,2/,2/,2/,1/","1,1,2,32","20A1,20A2","0,0.78,0.22,0.15,0.2,0.65","-1,2,-1","s","15A1,15A2","0,0.7,0.3,0.1,0.2,0.7","3,-1,1","s","","",""
"1024.0749999938998","39","121588","1/,1/,2/,1/,1/,1/,1/,1/,2/,2/,1/,2/,2/,1/,2/,1/,2/,1/,2/,2/,2/,1/,1/,1/,1/,1/,1/,2/,2/,1/,1/,2/,1/,1/,2/,1/,2/,2/,2/,2/,2/,2/,1/","1,1,2,32","","","","","","","","","2","Green2","20A2"
"632.1350000071106","39","125939","1/,1/,2/,1/,1/,1/,1/,1/,2/,2/,1/,2/,2/,1/,2/,1/,2/,1/,2/,2/,2/,1/,1/,1/,1/,1/,1/,2/,2/,1/,1/,2/,1/,1/,2/,1/,2/,2/,2/,2/,2/,2/,1/","1,1,2,32","","","","","","","","","-1","Red2","20A2"
"388.1649999966612","39","130043","1/,1/,2/,1/,1/,1/,1/,1/,2/,2/,1/,2/,2/,1/,2/,1/,2/,1/,2/,2/,2/,1/,1/,1/,1/,1/,1/,2/,2/,1/,1/,2/,1/,1/,2/,1/,2/,2/,2/,2/,2/,2/,1/","1,1,2,32","","","","","","","","","-1","Blue2","20A2"
"714.3900000082795","37","134470","1/,1/,2/,1/,1/,1/,1/,1/,2/,2/,1/,2/,2/,1/,2/,1/,2/,1/,2/,2/,2/,1/,1/,1/,1/,1/,1/,2/,2/,1/,1/,2/,1/,1/,2/,1/,2/,2/,2/,2/,2/,2/,1/","1,1,2,32","","","","","","","","","-1","Blue2","20A1"
"1805.675000010524","37","139989","1/,1/,2/,1/,1/,1/,1/,1/,2/,2/,1/,2/,2/,1/,2/,1/,2/,1/,2/,2/,2/,1/,1/,1/,1/,1/,1/,2/,2/,1/,1/,2/,1/,1/,2/,1/,2/,2/,2/,2/,2/,2/,1/","1,1,2,32","20A1,20A2","0,0.78,0.22,0.15,0.2,0.65","-1,2,-1","s","15A1,15A2","0,0.7,0.3,0.1,0.2,0.7","-1,-2,1","a","","",""
"510.32000000122935","37","142209","1/,1/,2/,1/,1/,1/,1/,1/,2/,2/,1/,2/,2/,1/,2/,1/,2/,1/,2/,2/,2/,1/,1/,1/,1/,1/,1/,2/,2/,1/,1/,2/,1/,1/,2/,1/,2/,2/,2/,2/,2/,2/,1/","1,1,2,32","","","","","","","","","2","Green2","20A1"
"927.0449999894481","37","146850","1/,1/,2/,1/,1/,1/,1/,1/,2/,2/,1/,2/,2/,1/,2/,1/,2/,1/,2/,2/,2/,1/,1/,1/,1/,1/,1/,2/,2/,1/,1/,2/,1/,1/,2/,1/,2/,2/,2/,2/,2/,2/,1/","1,1,2,32","","","","","","","","","-1","Blue2","20A1"
"535.2099999872735","39","151096","1/,1/,2/,1/,1/,1/,1/,1/,2/,2/,1/,2/,2/,1/,2/,1/,2/,1/,2/,2/,2/,1/,1/,1/,1/,1/,1/,2/,2/,1/,1/,2/,1/,1/,2/,1/,2/,2/,2/,2/,2/,2/,1/","1,1,2,32","","","","","","","","","-1","Blue2","20A2"
"1107.8149999957532","39","155923","1/,1/,2/,1/,1/,1/,1/,1/,2/,2/,1/,2/,2/,1/,2/,1/,2/,1/,2/,2/,2/,1/,1/,1/,1/,1/,1/,2/,2/,1/,1/,2/,1/,1/,2/,1/,2/,2/,2/,2/,2/,2/,1/","1,1,2,32","","","","","","","","","-1","Red2","20A2"
"1231.6200000059325","37","160868","1/,1/,2/,1/,1/,1/,1/,1/,2/,2/,1/,2/,2/,1/,2/,1/,2/,1/,2/,2/,2/,1/,1/,1/,1/,1/,1/,2/,2/,1/,1/,2/,1/,1/,2/,1/,2/,2/,2/,2/,2/,2/,1/","1,1,2,32","4B1,4B2","0.3,0.7,0,0.2,0.7,0.1","1,2,1","a","20B1,20B2","0.78,0.22,0,0.2,0.65,0.15","0,1,-1","s","","",""
"514.9450000026263","37","163097","1/,1/,2/,1/,1/,1/,1/,1/,2/,2/,1/,2/,2/,1/,2/,1/,2/,1/,2/,2/,2/,1/,1/,1/,1/,1/,1/,2/,2/,1/,1/,2/,1/,1/,2/,1/,2/,2/,2/,2/,2/,2/,1/","1,1,2,32","","","","","","","","","1","Red2","4B1"
"652.1849999990081","39","167460","1/,1/,2/,1/,1/,1/,1/,1/,2/,2/,1/,2/,2/,1/,2/,1/,2/,1/,2/,2/,2/,1/,1/,1/,1/,1/,1/,2/,2/,1/,1/,2/,1/,1/,2/,1/,2/,2/,2/,2/,2/,2/,1/","1,1,2,32","","","","","","","","","2","Green2","4B2"
"531.154999989667","37","171703","1/,1/,2/,1/,1/,1/,1/,1/,2/,2/,1/,2/,2/,1/,2/,1/,2/,1/,2/,2/,2/,1/,1/,1/,1/,1/,1/,2/,2/,1/,1/,2/,1/,1/,2/,1/,2/,2/,2/,2/,2/,2/,1/","1,1,2,32","","","","","","","","","2","Green2","4B1"
"330.57499999995343","39","175752","1/,1/,2/,1/,1/,1/,1/,1/,2/,2/,1/,2/,2/,1/,2/,1/,2/,1/,2/,2/,2/,1/,1/,1/,1/,1/,1/,2/,2/,1/,1/,2/,1/,1/,2/,1/,2/,2/,2/,2/,2/,2/,1/","1,1,2,32","","","","","","","","","2","Green2","4B2"
"721.2450000079116","39","180188","1/,1/,2/,1/,1/,1/,1/,1/,2/,2/,1/,2/,2/,1/,2/,1/,2/,1/,2/,2/,2/,1/,1/,1/,1/,1/,1/,2/,2/,1/,1/,2/,1/,1/,2/,1/,2/,2/,2/,2/,2/,2/,1/","1,1,2,32","4B1,4B2","0.3,0.7,0,0.2,0.7,0.1","1,2,1","a","10B1,10B2","0.6,0.4,0,0.2,0.73,0.07","-1,1,1","a","","",""
"595.1199999981327","39","182494","1/,1/,2/,1/,1/,1/,1/,1/,2/,2/,1/,2/,2/,1/,2/,1/,2/,1/,2/,2/,2/,1/,1/,1/,1/,1/,1/,2/,2/,1/,1/,2/,1/,1/,2/,1/,2/,2/,2/,2/,2/,2/,1/","1,1,2,32","","","","","","","","","1","Blue2","4B2"
"408.3949999912875","37","186619","1/,1/,2/,1/,1/,1/,1/,1/,2/,2/,1/,2/,2/,1/,2/,1/,2/,1/,2/,2/,2/,1/,1/,1/,1/,1/,1/,2/,2/,1/,1/,2/,1/,1/,2/,1/,2/,2/,2/,2/,2/,2/,1/","1,1,2,32","","","","","","","","","1","Red2","4B1"
"366.67999999190215","39","190704","1/,1/,2/,1/,1/,1/,1/,1/,2/,2/,1/,2/,2/,1/,2/,1/,2/,1/,2/,2/,2/,1/,1/,1/,1/,1/,1/,2/,2/,1/,1/,2/,1/,1/,2/,1/,2/,2/,2/,2/,2/,2/,1/","1,1,2,32","","","","","","","","","2","Green2","4B2"
"362.7100000012433","37","194778","1/,1/,2/,1/,1/,1/,1/,1/,2/,2/,1/,2/,2/,1/,2/,1/,2/,1/,2/,2/,2/,1/,1/,1/,1/,1/,1/,2/,2/,1/,1/,2/,1/,1/,2/,1/,2/,2/,2/,2/,2/,2/,1/","1,1,2,32","","","","","","","","","1","Blue2","4B1"
"385.8849999960512","37","198879","1/,1/,2/,1/,1/,1/,1/,1/,2/,2/,1/,2/,2/,1/,2/,1/,2/,1/,2/,2/,2/,1/,1/,1/,1/,1/,1/,2/,2/,1/,1/,2/,1/,1/,2/,1/,2/,2/,2/,2/,2/,2/,1/","1,1,2,32","4B1,4B2","0.3,0.7,0,0.2,0.7,0.1","1,2,1","a","10B1,10B2","0.6,0.4,0,0.2,0.73,0.07","1,-1,1","s","","",""
"411.29999999247957","39","200994","1/,1/,2/,1/,1/,1/,1/,1/,2/,2/,1/,2/,2/,1/,2/,1/,2/,1/,2/,2/,2/,1/,1/,1/,1/,1/,1/,2/,2/,1/,1/,2/,1/,1/,2/,1/,2/,2/,2/,2/,2/,2/,1/","1,1,2,32","","","","","","","","","2","Green2","4B2"
"561.8950000061886","37","205272","1/,1/,2/,1/,1/,1/,1/,1/,2/,2/,1/,2/,2/,1/,2/,1/,2/,1/,2/,2/,2/,1/,1/,1/,1/,1/,1/,2/,2/,1/,1/,2/,1/,1/,2/,1/,2/,2/,2/,2/,2/,2/,1/","1,1,2,32","","","","","","","","","1","Red2","4B1"
"375.1250000059372","39","209360","1/,1/,2/,1/,1/,1/,1/,1/,2/,2/,1/,2/,2/,1/,2/,1/,2/,1/,2/,2/,2/,1/,1/,1/,1/,1/,1/,2/,2/,1/,1/,2/,1/,1/,2/,1/,2/,2/,2/,2/,2/,2/,1/","1,1,2,32","","","","","","","","","2","Green2","4B2"
"423.6349999991944","37","213498","1/,1/,2/,1/,1/,1/,1/,1/,2/,2/,1/,2/,2/,1/,2/,1/,2/,1/,2/,2/,2/,1/,1/,1/,1/,1/,1/,2/,2/,1/,1/,2/,1/,1/,2/,1/,2/,2/,2/,2/,2/,2/,1/","1,1,2,32","","","","","","","","","2","Green2","4B1"
"554.8249999992549","39","217767","1/,1/,2/,1/,1/,1/,1/,1/,2/,2/,1/,2/,2/,1/,2/,1/,2/,1/,2/,2/,2/,1/,1/,1/,1/,1/,1/,2/,2/,1/,1/,2/,1/,1/,2/,1/,2/,2/,2/,2/,2/,2/,1/","1,1,2,32","4A2,4A1","0.1,0.2,0.7,0,0.3,0.7","1,-1,1","a","20A2,20A1","0.15,0.2,0.65,0,0.78,0.22","-1,2,-1","s","","",""
"457.11000000301283","37","219933","1/,1/,2/,1/,1/,1/,1/,1/,2/,2/,1/,2/,2/,1/,2/,1/,2/,1/,2/,2/,2/,1/,1/,1/,1/,1/,1/,2/,2/,1/,1/,2/,1/,1/,2/,1/,2/,2/,2/,2/,2/,2/,1/","1,1,2,32","","","","","","","","","1","Blue2","4A2"
"402.5699999911012","39","224048","1/,1/,2/,1/,1/,1/,1/,1/,2/,2/,1/,2/,2/,1/,2/,1/,2/,1/,2/,2/,2/,1/,1/,1/,1/,1/,1/,2/,2/,1/,1/,2/,1/,1/,2/,1/,2/,2/,2/,2/,2/,2/,1/","1,1,2,32","","","","","","","","","1","Blue2","4A1"
"1484.1149999992922","37","229244","1/,1/,2/,1/,1/,1/,1/,1/,2/,2/,1/,2/,2/,1/,2/,1/,2/,1/,2/,2/,2/,1/,1/,1/,1/,1/,1/,2/,2/,1/,1/,2/,1/,1/,2/,1/,2/,2/,2/,2/,2/,2/,1/","1,1,2,32","","","","","","","","","-1","Green2","4A2"
"591.5200000017649","39","233550","1/,1/,2/,1/,1/,1/,1/,1/,2/,2/,1/,2/,2/,1/,2/,1/,2/,1/,2/,2/,2/,1/,1/,1/,1/,1/,1/,2/,2/,1/,1/,2/,1/,1/,2/,1/,2/,2/,2/,2/,2/,2/,1/","1,1,2,32","","","","","","","","","-1","Green2","4A1"
"1687.2199999925215","39","238948","1/,1/,2/,1/,1/,1/,1/,1/,2/,2/,1/,2/,2/,1/,2/,1/,2/,1/,2/,2/,2/,1/,1/,1/,1/,1/,1/,2/,2/,1/,1/,2/,1/,1/,2/,1/,2/,2/,2/,2/,2/,2/,1/","1,1,2,32","4A1,4A2","0,0.3,0.7,0.1,0.2,0.7","0,-1,1","s","20A1,20A2","0,0.78,0.22,0.15,0.2,0.65","-1,2,1","s","","",""
"266.6949999984354","37","240921","1/,1/,2/,1/,1/,1/,1/,1/,2/,2/,1/,2/,2/,1/,2/,1/,2/,1/,2/,2/,2/,1/,1/,1/,1/,1/,1/,2/,2/,1/,1/,2/,1/,1/,2/,1/,2/,2/,2/,2/,2/,2/,1/","1,1,2,32","","","","","","","","","1","Blue2","4A1"
"402.459999997518","37","245040","1/,1/,2/,1/,1/,1/,1/,1/,2/,2/,1/,2/,2/,1/,2/,1/,2/,1/,2/,2/,2/,1/,1/,1/,1/,1/,1/,2/,2/,1/,1/,2/,1/,1/,2/,1/,2/,2/,2/,2/,2/,2/,1/","1,1,2,32","","","","","","","","","-1","Green2","4A1"
"365.7299999904353","37","249123","1/,1/,2/,1/,1/,1/,1/,1/,2/,2/,1/,2/,2/,1/,2/,1/,2/,1/,2/,2/,2/,1/,1/,1/,1/,1/,1/,2/,2/,1/,1/,2/,1/,1/,2/,1/,2/,2/,2/,2/,2/,2/,1/","1,1,2,32","","","","","","","","","1","Blue2","4A1"
"238.7999999918975","37","253077","1/,1/,2/,1/,1/,1/,1/,1/,2/,2/,1/,2/,2/,1/,2/,1/,2/,1/,2/,2/,2/,1/,1/,1/,1/,1/,1/,2/,2/,1/,1/,2/,1/,1/,2/,1/,2/,2/,2/,2/,2/,2/,1/","1,1,2,32","","","","","","","","","-1","Green2","4A1"
"480.3050000045914","37","257270","1/,1/,2/,1/,1/,1/,1/,1/,2/,2/,1/,2/,2/,1/,2/,1/,2/,1/,2/,2/,2/,1/,1/,1/,1/,1/,1/,2/,2/,1/,1/,2/,1/,1/,2/,1/,2/,2/,2/,2/,2/,2/,1/","1,1,2,32","4A2,4A1","0.1,0.2,0.7,0,0.3,0.7","1,-1,1","a","10A2,10A1","0.07,0.2,0.73,0,0.6,0.4","2,1,2","a","","",""
"702.1449999883771","39","259684","1/,1/,2/,1/,1/,1/,1/,1/,2/,2/,1/,2/,2/,1/,2/,1/,2/,1/,2/,2/,2/,1/,1/,1/,1/,1/,1/,2/,2/,1/,1/,2/,1/,1/,2/,1/,2/,2/,2/,2/,2/,2/,1/","1,1,2,32","","","","","","","","","1","Red2","4A1"
"614.2950000066776","37","264018","1/,1/,2/,1/,1/,1/,1/,1/,2/,2/,1/,2/,2/,1/,2/,1/,2/,1/,2/,2/,2/,1/,1/,1/,1/,1/,1/,2/,2/,1/,1/,2/,1/,1/,2/,1/,2/,2/,2/,2/,2/,2/,1/","1,1,2,32","","","","","","","","","1","Blue2","4A2"
"425.45500000414904","39","268157","1/,1/,2/,1/,1/,1/,1/,1/,2/,2/,1/,2/,2/,1/,2/,1/,2/,1/,2/,2/,2/,1/,1/,1/,1/,1/,1/,2/,2/,1/,1/,2/,1/,1/,2/,1/,2/,2/,2/,2/,2/,2/,1/","1,1,2,32","","","","","","","","","-1","Green2","4A1"
"369.8300000105519","37","272246","1/,1/,2/,1/,1/,1/,1/,1/,2/,2/,1/,2/,2/,1/,2/,1/,2/,1/,2/,2/,2/,1/,1/,1/,1/,1/,1/,2/,2/,1/,1/,2/,1/,1/,2/,1/,2/,2/,2/,2/,2/,2/,1/","1,1,2,32","","","","","","","","","-1","Green2","4A2"
"1152.2100000001956","37","277114","1/,1/,2/,1/,1/,1/,1/,1/,2/,2/,1/,2/,2/,1/,2/,1/,2/,1/,2/,2/,2/,1/,1/,1/,1/,1/,1/,2/,2/,1/,1/,2/,1/,1/,2/,1/,2/,2/,2/,2/,2/,2/,1/","1,1,2,32","4A1,4A2","0,0.3,0.7,0.1,0.2,0.7","0,-1,1","s","15A1,15A2","0,0.7,0.3,0.1,0.2,0.7","-1,-2,1","a","","",""
"434.61999999999534","37","279257","1/,1/,2/,1/,1/,1/,1/,1/,2/,2/,1/,2/,2/,1/,2/,1/,2/,1/,2/,2/,2/,1/,1/,1/,1/,1/,1/,2/,2/,1/,1/,2/,1/,1/,2/,1/,2/,2/,2/,2/,2/,2/,1/","1,1,2,32","","","","","","","","","1","Blue2","4A1"
"434.5349999930477","37","283406","1/,1/,2/,1/,1/,1/,1/,1/,2/,2/,1/,2/,2/,1/,2/,1/,2/,1/,2/,2/,2/,1/,1/,1/,1/,1/,1/,2/,2/,1/,1/,2/,1/,1/,2/,1/,2/,2/,2/,2/,2/,2/,1/","1,1,2,32","","","","","","","","","1","Blue2","4A1"
"312.90000000444707","37","287429","1/,1/,2/,1/,1/,1/,1/,1/,2/,2/,1/,2/,2/,1/,2/,1/,2/,1/,2/,2/,2/,1/,1/,1/,1/,1/,1/,2/,2/,1/,1/,2/,1/,1/,2/,1/,2/,2/,2/,2/,2/,2/,1/","1,1,2,32","","","","","","","","","-1","Green2","4A1"
"500.3650000144262","39","291641","1/,1/,2/,1/,1/,1/,1/,1/,2/,2/,1/,2/,2/,1/,2/,1/,2/,1/,2/,2/,2/,1/,1/,1/,1/,1/,1/,2/,2/,1/,1/,2/,1/,1/,2/,1/,2/,2/,2/,2/,2/,2/,1/","1,1,2,32","","","","","","","","","1","Blue2","4A2"
"742.1850000100676","37","296096","1/,1/,2/,1/,1/,1/,1/,1/,2/,2/,1/,2/,2/,1/,2/,1/,2/,1/,2/,2/,2/,1/,1/,1/,1/,1/,1/,2/,2/,1/,1/,2/,1/,1/,2/,1/,2/,2/,2/,2/,2/,2/,1/","1,1,2,32","10B2,10B1","0.2,0.73,0.07,0.6,0.4,0","1,-1,1","a","20B2,20B1","0.2,0.65,0.15,0.78,0.22,0","1,0,0","s","","",""
"455.19000000786036","39","298257","1/,1/,2/,1/,1/,1/,1/,1/,2/,2/,1/,2/,2/,1/,2/,1/,2/,1/,2/,2/,2/,1/,1/,1/,1/,1/,1/,2/,2/,1/,1/,2/,1/,1/,2/,1/,2/,2/,2/,2/,2/,2/,1/","1,1,2,32","","","","","","","","","1","Red2","10B1"
"413.8749999983702","37","302386","1/,1/,2/,1/,1/,1/,1/,1/,2/,2/,1/,2/,2/,1/,2/,1/,2/,1/,2/,2/,2/,1/,1/,1/,1/,1/,1/,2/,2/,1/,1/,2/,1/,1/,2/,1/,2/,2/,2/,2/,2/,2/,1/","1,1,2,32","","","","","","","","","-1","Green2","10B2"
"313.17999999737367","37","306412","1/,1/,2/,1/,1/,1/,1/,1/,2/,2/,1/,2/,2/,1/,2/,1/,2/,1/,2/,2/,2/,1/,1/,1/,1/,1/,1/,2/,2/,1/,1/,2/,1/,1/,2/,1/,2/,2/,2/,2/,2/,2/,1/","1,1,2,32","","","","","","","","","-1","Green2","10B2"
"1771.9700000016019","37","314884","1/,1/,2/,1/,1/,1/,1/,1/,2/,2/,1/,2/,2/,1/,2/,1/,2/,1/,2/,2/,2/,1/,1/,1/,1/,1/,1/,2/,2/,1/,1/,2/,1/,1/,2/,1/,2/,2/,2/,2/,2/,2/,1/","1,1,2,32","","","","","","","","","1","Red2","10B2"
"453.6599999992177","37","319051","1/,1/,2/,1/,1/,1/,1/,1/,2/,2/,1/,2/,2/,1/,2/,1/,2/,1/,2/,2/,2/,1/,1/,1/,1/,1/,1/,2/,2/,1/,1/,2/,1/,1/,2/,1/,2/,2/,2/,2/,2/,2/,1/","1,1,2,32","15A2,15A1","0.1,0.2,0.7,0,0.7,0.3","-1,-2,1","s","4A2,4A1","0.1,0.2,0.7,0,0.3,0.7","1,-1,1","a","","",""
"413.01499999826774","37","321168","1/,1/,2/,1/,1/,1/,1/,1/,2/,2/,1/,2/,2/,1/,2/,1/,2/,1/,2/,2/,2/,1/,1/,1/,1/,1/,1/,2/,2/,1/,1/,2/,1/,1/,2/,1/,2/,2/,2/,2/,2/,2/,1/","1,1,2,32","","","","","","","","","1","Blue2","15A2"
"312.84500000765547","39","325191","1/,1/,2/,1/,1/,1/,1/,1/,2/,2/,1/,2/,2/,1/,2/,1/,2/,1/,2/,2/,2/,1/,1/,1/,1/,1/,1/,2/,2/,1/,1/,2/,1/,1/,2/,1/,2/,2/,2/,2/,2/,2/,1/","1,1,2,32","","","","","","","","","1","Blue2","15A1"
"460.46499999647494","37","329360","1/,1/,2/,1/,1/,1/,1/,1/,2/,2/,1/,2/,2/,1/,2/,1/,2/,1/,2/,2/,2/,1/,1/,1/,1/,1/,1/,2/,2/,1/,1/,2/,1/,1/,2/,1/,2/,2/,2/,2/,2/,2/,1/","1,1,2,32","","","","","","","","","-2","Green2","15A2"
"343.79499999340624","39","333419","1/,1/,2/,1/,1/,1/,1/,1/,2/,2/,1/,2/,2/,1/,2/,1/,2/,1/,2/,2/,2/,1/,1/,1/,1/,1/,1/,2/,2/,1/,1/,2/,1/,1/,2/,1/,2/,2/,2/,2/,2/,2/,1/","1,1,2,32","","","","","","","","","1","Blue2","15A1"
"316.97499999427237","37","337449","1/,1/,2/,1/,1/,1/,1/,1/,2/,2/,1/,2/,2/,1/,2/,1/,2/,1/,2/,2/,2/,1/,1/,1/,1/,1/,1/,2/,2/,1/,1/,2/,1/,1/,2/,1/,2/,2/,2/,2/,2/,2/,1/","1,1,2,32","20B1,20B2","0.78,0.22,0,0.2,0.65,0.15","0,1,-1","a","10B1,10B2","0.6,0.4,0,0.2,0.73,0.07","1,-1,1","s","","",""
"431.6899999976158","37","339592","1/,1/,2/,1/,1/,1/,1/,1/,2/,2/,1/,2/,2/,1/,2/,1/,2/,1/,2/,2/,2/,1/,1/,1/,1/,1/,1/,2/,2/,1/,1/,2/,1/,1/,2/,1/,2/,2/,2/,2/,2/,2/,1/","1,1,2,32","","","","","","","","","0","Red2","20B1"
"361.4349999988917","39","343666","1/,1/,2/,1/,1/,1/,1/,1/,2/,2/,1/,2/,2/,1/,2/,1/,2/,1/,2/,2/,2/,1/,1/,1/,1/,1/,1/,2/,2/,1/,1/,2/,1/,1/,2/,1/,2/,2/,2/,2/,2/,2/,1/","1,1,2,32","","","","","","","","","1","Green2","20B2"
"349.26000000268687","37","347728","1/,1/,2/,1/,1/,1/,1/,1/,2/,2/,1/,2/,2/,1/,2/,1/,2/,1/,2/,2/,2/,1/,1/,1/,1/,1/,1/,2/,2/,1/,1/,2/,1/,1/,2/,1/,2/,2/,2/,2/,2/,2/,1/","1,1,2,32","","","","","","","","","1","Green2","20B1"
"565.5200000037439","39","352007","1/,1/,2/,1/,1/,1/,1/,1/,2/,2/,1/,2/,2/,1/,2/,1/,2/,1/,2/,2/,2/,1/,1/,1/,1/,1/,1/,2/,2/,1/,1/,2/,1/,1/,2/,1/,2/,2/,2/,2/,2/,2/,1/","1,1,2,32","","","","","","","","","0","Red2","20B2"
"1354.590000002645","39","357075","1/,1/,2/,1/,1/,1/,1/,1/,2/,2/,1/,2/,2/,1/,2/,1/,2/,1/,2/,2/,2/,1/,1/,1/,1/,1/,1/,2/,2/,1/,1/,2/,1/,1/,2/,1/,2/,2/,2/,2/,2/,2/,1/","1,1,2,32","15B2,15B1","0.2,0.7,0.1,0.7,0.3,0","2,1,2","s","4B2,4B1","0.2,0.7,0.1,0.3,0.7,0","1,2,1","s","","",""
"321.54000000446104","39","359106","1/,1/,2/,1/,1/,1/,1/,1/,2/,2/,1/,2/,2/,1/,2/,1/,2/,1/,2/,2/,2/,1/,1/,1/,1/,1/,1/,2/,2/,1/,1/,2/,1/,1/,2/,1/,2/,2/,2/,2/,2/,2/,1/","1,1,2,32","","","","","","","","","2","Red2","15B1"
"317.9200000013225","39","363137","1/,1/,2/,1/,1/,1/,1/,1/,2/,2/,1/,2/,2/,1/,2/,1/,2/,1/,2/,2/,2/,1/,1/,1/,1/,1/,1/,2/,2/,1/,1/,2/,1/,1/,2/,1/,2/,2/,2/,2/,2/,2/,1/","1,1,2,32","","","","","","","","","1","Green2","15B1"
"380.1249999960419","39","367230","1/,1/,2/,1/,1/,1/,1/,1/,2/,2/,1/,2/,2/,1/,2/,1/,2/,1/,2/,2/,2/,1/,1/,1/,1/,1/,1/,2/,2/,1/,1/,2/,1/,1/,2/,1/,2/,2/,2/,2/,2/,2/,1/","1,1,2,32","","","","","","","","","2","Red2","15B1"
"338.42500000901055","39","371288","1/,1/,2/,1/,1/,1/,1/,1/,2/,2/,1/,2/,2/,1/,2/,1/,2/,1/,2/,2/,2/,1/,1/,1/,1/,1/,1/,2/,2/,1/,1/,2/,1/,1/,2/,1/,2/,2/,2/,2/,2/,2/,1/","1,1,2,32","","","","","","","","","2","Red2","15B1"
"375.4449999978533","39","375373","1/,1/,2/,1/,1/,1/,1/,1/,2/,2/,1/,2/,2/,1/,2/,1/,2/,1/,2/,2/,2/,1/,1/,1/,1/,1/,1/,2/,2/,1/,1/,2/,1/,1/,2/,1/,2/,2/,2/,2/,2/,2/,1/","1,1,2,32","15A2,15A1","0.1,0.2,0.7,0,0.7,0.3","3,-1,1","a","20A2,20A1","0.15,0.2,0.65,0,0.78,0.22","-1,2,1","a","","",""
"361.8700000079116","37","377445","1/,1/,2/,1/,1/,1/,1/,1/,2/,2/,1/,2/,2/,1/,2/,1/,2/,1/,2/,2/,2/,1/,1/,1/,1/,1/,1/,2/,2/,1/,1/,2/,1/,1/,2/,1/,2/,2/,2/,2/,2/,2/,1/","1,1,2,32","","","","","","","","","-1","Green2","15A2"
"421.4700000011362","39","381580","1/,1/,2/,1/,1/,1/,1/,1/,2/,2/,1/,2/,2/,1/,2/,1/,2/,1/,2/,2/,2/,1/,1/,1/,1/,1/,1/,2/,2/,1/,1/,2/,1/,1/,2/,1/,2/,2/,2/,2/,2/,2/,1/","1,1,2,32","","","","","","","","","-1","Green2","15A1"
"264.8150000022724","39","385557","1/,1/,2/,1/,1/,1/,1/,1/,2/,2/,1/,2/,2/,1/,2/,1/,2/,1/,2/,2/,2/,1/,1/,1/,1/,1/,1/,2/,2/,1/,1/,2/,1/,1/,2/,1/,2/,2/,2/,2/,2/,2/,1/","1,1,2,32","","","","","","","","","-1","Green2","15A1"
"1539.7099999972852","39","392073","1/,1/,2/,1/,1/,1/,1/,1/,2/,2/,1/,2/,2/,1/,2/,1/,2/,1/,2/,2/,2/,1/,1/,1/,1/,1/,1/,2/,2/,1/,1/,2/,1/,1/,2/,1/,2/,2/,2/,2/,2/,2/,1/","1,1,2,32","","","","","","","","","1","Blue2","15A1"
"405.1200000103563","37","396191","1/,1/,2/,1/,1/,1/,1/,1/,2/,2/,1/,2/,2/,1/,2/,1/,2/,1/,2/,2/,2/,1/,1/,1/,1/,1/,1/,2/,2/,1/,1/,2/,1/,1/,2/,1/,2/,2/,2/,2/,2/,2/,1/","1,1,2,32","20A2,20A1","0.15,0.2,0.65,0,0.78,0.22","-1,2,1","a","10A2,10A1","0.07,0.2,0.73,0,0.6,0.4","2,1,2","a","","",""
"438.9799999917159","37","398337","1/,1/,2/,1/,1/,1/,1/,1/,2/,2/,1/,2/,2/,1/,2/,1/,2/,1/,2/,2/,2/,1/,1/,1/,1/,1/,1/,2/,2/,1/,1/,2/,1/,1/,2/,1/,2/,2/,2/,2/,2/,2/,1/","1,1,2,32","","","","","","","","","2","Green2","20A2"
"2458.1250000046566","37","405489","1/,1/,2/,1/,1/,1/,1/,1/,2/,2/,1/,2/,2/,1/,2/,1/,2/,1/,2/,2/,2/,1/,1/,1/,1/,1/,1/,2/,2/,1/,1/,2/,1/,1/,2/,1/,2/,2/,2/,2/,2/,2/,1/","1,1,2,32","","","","","","","","","2","Green2","20A2"
"655.2850000007311","37","409862","1/,1/,2/,1/,1/,1/,1/,1/,2/,2/,1/,2/,2/,1/,2/,1/,2/,1/,2/,2/,2/,1/,1/,1/,1/,1/,1/,2/,2/,1/,1/,2/,1/,1/,2/,1/,2/,2/,2/,2/,2/,2/,1/","1,1,2,32","","","","","","","","","-1","Red2","20A2"
"2769.29999999993","37","417765","1/,1/,2/,1/,1/,1/,1/,1/,2/,2/,1/,2/,2/,1/,2/,1/,2/,1/,2/,2/,2/,1/,1/,1/,1/,1/,1/,2/,2/,1/,1/,2/,1/,1/,2/,1/,2/,2/,2/,2/,2/,2/,1/","1,1,2,32","","","","","","","","","1","Blue2","20A2"
"4485.935000004247","39","425965","1/,1/,2/,1/,1/,1/,1/,1/,2/,2/,1/,2/,2/,1/,2/,1/,2/,1/,2/,2/,2/,1/,1/,1/,1/,1/,1/,2/,2/,1/,1/,2/,1/,1/,2/,1/,2/,2/,2/,2/,2/,2/,1/","1,1,2,32","20B2,20B1","0.2,0.65,0.15,0.78,0.22,0","1,0,0","s","15B2,15B1","0.2,0.7,0.1,0.7,0.3,0","1,2,-1","a","","",""
"1385.5400000029476","37","429056","1/,1/,2/,1/,1/,1/,1/,1/,2/,2/,1/,2/,2/,1/,2/,1/,2/,1/,2/,2/,2/,1/,1/,1/,1/,1/,1/,2/,2/,1/,1/,2/,1/,1/,2/,1/,2/,2/,2/,2/,2/,2/,1/","1,1,2,32","","","","","","","","","0","Green2","20B2"
"5871.980000010808","37","438643","1/,1/,2/,1/,1/,1/,1/,1/,2/,2/,1/,2/,2/,1/,2/,1/,2/,1/,2/,2/,2/,1/,1/,1/,1/,1/,1/,2/,2/,1/,1/,2/,1/,1/,2/,1/,2/,2/,2/,2/,2/,2/,1/","1,1,2,32","","","","","","","","","0","Blue2","20B2"
"272.1049999963725","39","442628","1/,1/,2/,1/,1/,1/,1/,1/,2/,2/,1/,2/,2/,1/,2/,1/,2/,1/,2/,2/,2/,1/,1/,1/,1/,1/,1/,2/,2/,1/,1/,2/,1/,1/,2/,1/,2/,2/,2/,2/,2/,2/,1/","1,1,2,32","","","","","","","","","1","Red2","20B1"
"511.9999999878928","39","446854","1/,1/,2/,1/,1/,1/,1/,1/,2/,2/,1/,2/,2/,1/,2/,1/,2/,1/,2/,2/,2/,1/,1/,1/,1/,1/,1/,2/,2/,1/,1/,2/,1/,1/,2/,1/,2/,2/,2/,2/,2/,2/,1/","1,1,2,32","","","","","","","","","0","Green2","20B1"
"5882.79999999213","37","456453","1/,1/,2/,1/,1/,1/,1/,1/,2/,2/,1/,2/,2/,1/,2/,1/,2/,1/,2/,2/,2/,1/,1/,1/,1/,1/,1/,2/,2/,1/,1/,2/,1/,1/,2/,1/,2/,2/,2/,2/,2/,2/,1/","1,1,2,32","4A2,4A1","0.1,0.2,0.7,0,0.3,0.7","1,-1,1","a","20A2,20A1","0.15,0.2,0.65,0,0.78,0.22","-1,2,1","a","","",""
"2437.245000008261","37","460596","1/,1/,2/,1/,1/,1/,1/,1/,2/,2/,1/,2/,2/,1/,2/,1/,2/,1/,2/,2/,2/,1/,1/,1/,1/,1/,1/,2/,2/,1/,1/,2/,1/,1/,2/,1/,2/,2/,2/,2/,2/,2/,1/","1,1,2,32","","","","","","","","","1","Blue2","4A2"
"439.04500000644475","39","464753","1/,1/,2/,1/,1/,1/,1/,1/,2/,2/,1/,2/,2/,1/,2/,1/,2/,1/,2/,2/,2/,1/,1/,1/,1/,1/,1/,2/,2/,1/,1/,2/,1/,1/,2/,1/,2/,2/,2/,2/,2/,2/,1/","1,1,2,32","","","","","","","","","1","Blue2","4A1"
"437.0000000053551","37","468904","1/,1/,2/,1/,1/,1/,1/,1/,2/,2/,1/,2/,2/,1/,2/,1/,2/,1/,2/,2/,2/,1/,1/,1/,1/,1/,1/,2/,2/,1/,1/,2/,1/,1/,2/,1/,2/,2/,2/,2/,2/,2/,1/","1,1,2,32","","","","","","","","","1","Blue2","4A2"
"359.82499999227","39","472982","1/,1/,2/,1/,1/,1/,1/,1/,2/,2/,1/,2/,2/,1/,2/,1/,2/,1/,2/,2/,2/,1/,1/,1/,1/,1/,1/,2/,2/,1/,1/,2/,1/,1/,2/,1/,2/,2/,2/,2/,2/,2/,1/","1,1,2,32","","","","","","","","","1","Blue2","4A1"
"321.1299999966286","37","477016","1/,1/,2/,1/,1/,1/,1/,1/,2/,2/,1/,2/,2/,1/,2/,1/,2/,1/,2/,2/,2/,1/,1/,1/,1/,1/,1/,2/,2/,1/,1/,2/,1/,1/,2/,1/,2/,2/,2/,2/,2/,2/,1/","1,1,2,32","15B2,15B1","0.2,0.7,0.1,0.7,0.3,0","1,2,-1","a","4B2,4B1","0.2,0.7,0.1,0.3,0.7,0","1,2,1","s","","",""
"394.270000004326","39","479117","1/,1/,2/,1/,1/,1/,1/,1/,2/,2/,1/,2/,2/,1/,2/,1/,2/,1/,2/,2/,2/,1/,1/,1/,1/,1/,1/,2/,2/,1/,1/,2/,1/,1/,2/,1/,2/,2/,2/,2/,2/,2/,1/","1,1,2,32","","","","","","","","","1","Red2","15B1"
"360.0000000005821","37","483194","1/,1/,2/,1/,1/,1/,1/,1/,2/,2/,1/,2/,2/,1/,2/,1/,2/,1/,2/,2/,2/,1/,1/,1/,1/,1/,1/,2/,2/,1/,1/,2/,1/,1/,2/,1/,2/,2/,2/,2/,2/,2/,1/","1,1,2,32","","","","","","","","","1","Red2","15B2"
"735.5050000041956","39","487644","1/,1/,2/,1/,1/,1/,1/,1/,2/,2/,1/,2/,2/,1/,2/,1/,2/,1/,2/,2/,2/,1/,1/,1/,1/,1/,1/,2/,2/,1/,1/,2/,1/,1/,2/,1/,2/,2/,2/,2/,2/,2/,1/","1,1,2,32","","","","","","","","","1","Red2","15B1"
"856.9699999934528","37","492211","1/,1/,2/,1/,1/,1/,1/,1/,2/,2/,1/,2/,2/,1/,2/,1/,2/,1/,2/,2/,2/,1/,1/,1/,1/,1/,1/,2/,2/,1/,1/,2/,1/,1/,2/,1/,2/,2/,2/,2/,2/,2/,1/","1,1,2,32","","","","","","","","","1","Red2","15B2"
"1687.5","39","497611","1/,1/,2/,1/,1/,1/,1/,1/,2/,2/,1/,2/,2/,1/,2/,1/,2/,1/,2/,2/,2/,1/,1/,1/,1/,1/,1/,2/,2/,1/,1/,2/,1/,1/,2/,1/,2/,2/,2/,2/,2/,2/,1/","1,1,2,32","20A1,20A2","0,0.78,0.22,0.15,0.2,0.65","-1,2,-1","s","10A1,10A2","0,0.6,0.4,0.07,0.2,0.73","2,1,2","s","","",""
"660.6800000008661","39","499980","1/,1/,2/,1/,1/,1/,1/,1/,2/,2/,1/,2/,2/,1/,2/,1/,2/,1/,2/,2/,2/,1/,1/,1/,1/,1/,1/,2/,2/,1/,1/,2/,1/,1/,2/,1/,2/,2/,2/,2/,2/,2/,1/","1,1,2,32","","","","","","","","","2","Green2","20A2"
"613.260000012815","37","504307","1/,1/,2/,1/,1/,1/,1/,1/,2/,2/,1/,2/,2/,1/,2/,1/,2/,1/,2/,2/,2/,1/,1/,1/,1/,1/,1/,2/,2/,1/,1/,2/,1/,1/,2/,1/,2/,2/,2/,2/,2/,2/,1/","1,1,2,32","","","","","","","","","2","Green2","20A1"
"839.2400000011548","39","508864","1/,1/,2/,1/,1/,1/,1/,1/,2/,2/,1/,2/,2/,1/,2/,1/,2/,1/,2/,2/,2/,1/,1/,1/,1/,1/,1/,2/,2/,1/,1/,2/,1/,1/,2/,1/,2/,2/,2/,2/,2/,2/,1/","1,1,2,32","","","","","","","","","2","Green2","20A2"
"1283.0050000047777","39","513864","1/,1/,2/,1/,1/,1/,1/,1/,2/,2/,1/,2/,2/,1/,2/,1/,2/,1/,2/,2/,2/,1/,1/,1/,1/,1/,1/,2/,2/,1/,1/,2/,1/,1/,2/,1/,2/,2/,2/,2/,2/,2/,1/","1,1,2,32","","","","","","","","","-1","Blue2","20A2"
"170.31000000133645","37","517747","1/,1/,2/,1/,1/,1/,1/,1/,2/,2/,1/,2/,2/,1/,2/,1/,2/,1/,2/,2/,2/,1/,1/,1/,1/,1/,1/,2/,2/,1/,1/,2/,1/,1/,2/,1/,2/,2/,2/,2/,2/,2/,1/","1,1,2,32","15B1,15B2","0.7,0.3,0,0.2,0.7,0.1","2,1,2","a","20B1,20B2","0.78,0.22,0,0.2,0.65,0.15","0,1,-1","a","","",""
"3680.48500000441","37","523137","1/,1/,2/,1/,1/,1/,1/,1/,2/,2/,1/,2/,2/,1/,2/,1/,2/,1/,2/,2/,2/,1/,1/,1/,1/,1/,1/,2/,2/,1/,1/,2/,1/,1/,2/,1/,2/,2/,2/,2/,2/,2/,1/","1,1,2,32","","","","","","","","","1","Green2","15B1"
"394.719999996596","39","527242","1/,1/,2/,1/,1/,1/,1/,1/,2/,2/,1/,2/,2/,1/,2/,1/,2/,1/,2/,2/,2/,1/,1/,1/,1/,1/,1/,2/,2/,1/,1/,2/,1/,1/,2/,1/,2/,2/,2/,2/,2/,2/,1/","1,1,2,32","","","","","","","","","1","Green2","15B2"
"2904.385000001639","37","533863","1/,1/,2/,1/,1/,1/,1/,1/,2/,2/,1/,2/,2/,1/,2/,1/,2/,1/,2/,2/,2/,1/,1/,1/,1/,1/,1/,2/,2/,1/,1/,2/,1/,1/,2/,1/,2/,2/,2/,2/,2/,2/,1/","1,1,2,32","","","","","","","","","1","Green2","15B1"
"441.0700000007637","39","538016","1/,1/,2/,1/,1/,1/,1/,1/,2/,2/,1/,2/,2/,1/,2/,1/,2/,1/,2/,2/,2/,1/,1/,1/,1/,1/,1/,2/,2/,1/,1/,2/,1/,1/,2/,1/,2/,2/,2/,2/,2/,2/,1/","1,1,2,32","","","","","","","","","2","Red2","15B2"
"918.2699999946635","37","542651","1/,1/,2/,1/,1/,1/,1/,1/,2/,2/,1/,2/,2/,1/,2/,1/,2/,1/,2/,2/,2/,1/,1/,1/,1/,1/,1/,2/,2/,1/,1/,2/,1/,1/,2/,1/,2/,2/,2/,2/,2/,2/,1/","1,1,2,32","4A2,4A1","0.1,0.2,0.7,0,0.3,0.7","1,-1,1","a","15A2,15A1","0.1,0.2,0.7,0,0.7,0.3","3,-1,1","a","","",""
"866.0300000046846","37","545227","1/,1/,2/,1/,1/,1/,1/,1/,2/,2/,1/,2/,2/,1/,2/,1/,2/,1/,2/,2/,2/,1/,1/,1/,1/,1/,1/,2/,2/,1/,1/,2/,1/,1/,2/,1/,2/,2/,2/,2/,2/,2/,1/","1,1,2,32","","","","","","","","","1","Blue2","4A2"
"396.6550000041025","39","549340","1/,1/,2/,1/,1/,1/,1/,1/,2/,2/,1/,2/,2/,1/,2/,1/,2/,1/,2/,2/,2/,1/,1/,1/,1/,1/,1/,2/,2/,1/,1/,2/,1/,1/,2/,1/,2/,2/,2/,2/,2/,2/,1/","1,1,2,32","","","","","","","","","1","Blue2","4A1"
"308.23499998950865","37","553364","1/,1/,2/,1/,1/,1/,1/,1/,2/,2/,1/,2/,2/,1/,2/,1/,2/,1/,2/,2/,2/,1/,1/,1/,1/,1/,1/,2/,2/,1/,1/,2/,1/,1/,2/,1/,2/,2/,2/,2/,2/,2/,1/","1,1,2,32","","","","","","","","","-1","Green2","4A2"
"282.9349999956321","37","557358","1/,1/,2/,1/,1/,1/,1/,1/,2/,2/,1/,2/,2/,1/,2/,1/,2/,1/,2/,2/,2/,1/,1/,1/,1/,1/,1/,2/,2/,1/,1/,2/,1/,1/,2/,1/,2/,2/,2/,2/,2/,2/,1/","1,1,2,32","","","","","","","","","1","Blue2","4A2"
"575.8350000105565","39","562603","1/,1/,2/,1/,1/,1/,1/,1/,2/,2/,1/,2/,2/,1/,2/,1/,2/,1/,2/,2/,2/,1/,1/,1/,1/,1/,1/,2/,2/,1/,1/,2/,1/,1/,2/,1/,2/,2/,2/,2/,2/,2/,1/","1,1,2,32","4B2,4B1","0.2,0.7,0.1,0.3,0.7,0","1,2,1","s","20B2,20B1","0.2,0.65,0.15,0.78,0.22,0","0,1,-1","a","","",""
"1345.164999991539","39","565655","1/,1/,2/,1/,1/,1/,1/,1/,2/,2/,1/,2/,2/,1/,2/,1/,2/,1/,2/,2/,2/,1/,1/,1/,1/,1/,1/,2/,2/,1/,1/,2/,1/,1/,2/,1/,2/,2/,2/,2/,2/,2/,1/","1,1,2,32","","","","","","","","","2","Green2","4B1"
"1789.1950000048382","37","571158","1/,1/,2/,1/,1/,1/,1/,1/,2/,2/,1/,2/,2/,1/,2/,1/,2/,1/,2/,2/,2/,1/,1/,1/,1/,1/,1/,2/,2/,1/,1/,2/,1/,1/,2/,1/,2/,2/,2/,2/,2/,2/,1/","1,1,2,32","","","","","","","","","2","Green2","4B2"
"296.7849999986356","39","575170","1/,1/,2/,1/,1/,1/,1/,1/,2/,2/,1/,2/,2/,1/,2/,1/,2/,1/,2/,2/,2/,1/,1/,1/,1/,1/,1/,2/,2/,1/,1/,2/,1/,1/,2/,1/,2/,2/,2/,2/,2/,2/,1/","1,1,2,32","","","","","","","","","2","Green2","4B1"
"563.3150000066962","39","579450","1/,1/,2/,1/,1/,1/,1/,1/,2/,2/,1/,2/,2/,1/,2/,1/,2/,1/,2/,2/,2/,1/,1/,1/,1/,1/,1/,2/,2/,1/,1/,2/,1/,1/,2/,1/,2/,2/,2/,2/,2/,2/,1/","1,1,2,32","","","","","","","","","1","Red2","4B1"
"289.8750000022119","37","583455","1/,1/,2/,1/,1/,1/,1/,1/,2/,2/,1/,2/,2/,1/,2/,1/,2/,1/,2/,2/,2/,1/,1/,1/,1/,1/,1/,2/,2/,1/,1/,2/,1/,1/,2/,1/,2/,2/,2/,2/,2/,2/,1/","1,1,2,32","4A1,4A2","0,0.3,0.7,0.1,0.2,0.7","0,-1,1","s","20A1,20A2","0,0.78,0.22,0.15,0.2,0.65","-1,2,-1","a","","",""
"283.7099999887869","37","585446","1/,1/,2/,1/,1/,1/,1/,1/,2/,2/,1/,2/,2/,1/,2/,1/,2/,1/,2/,2/,2/,1/,1/,1/,1/,1/,1/,2/,2/,1/,1/,2/,1/,1/,2/,1/,2/,2/,2/,2/,2/,2/,1/","1,1,2,32","","","","","","","","","1","Blue2","4A1"
"218.08999999484513","39","589378","1/,1/,2/,1/,1/,1/,1/,1/,2/,2/,1/,2/,2/,1/,2/,1/,2/,1/,2/,2/,2/,1/,1/,1/,1/,1/,1/,2/,2/,1/,1/,2/,1/,1/,2/,1/,2/,2/,2/,2/,2/,2/,1/","1,1,2,32","","","","","","","","","1","Blue2","4A2"
"380.0150000024587","37","593470","1/,1/,2/,1/,1/,1/,1/,1/,2/,2/,1/,2/,2/,1/,2/,1/,2/,1/,2/,2/,2/,1/,1/,1/,1/,1/,1/,2/,2/,1/,1/,2/,1/,1/,2/,1/,2/,2/,2/,2/,2/,2/,1/","1,1,2,32","","","","","","","","","-1","Green2","4A1"
"426.8749999901047","39","597608","1/,1/,2/,1/,1/,1/,1/,1/,2/,2/,1/,2/,2/,1/,2/,1/,2/,1/,2/,2/,2/,1/,1/,1/,1/,1/,1/,2/,2/,1/,1/,2/,1/,1/,2/,1/,2/,2/,2/,2/,2/,2/,1/","1,1,2,32","","","","","","","","","1","Blue2","4A2"
"26.840000005904585","39","601347","1/,1/,2/,1/,1/,1/,1/,1/,2/,2/,1/,2/,2/,1/,2/,1/,2/,1/,2/,2/,2/,1/,1/,1/,1/,1/,1/,2/,2/,1/,1/,2/,1/,1/,2/,1/,2/,2/,2/,2/,2/,2/,1/","1,1,2,32","10B2,10B1","0.2,0.73,0.07,0.6,0.4,0","-1,1,1","s","4B2,4B1","0.2,0.7,0.1,0.3,0.7,0","1,2,1","s","","",""
"2893.465000001015","39","605953","1/,1/,2/,1/,1/,1/,1/,1/,2/,2/,1/,2/,2/,1/,2/,1/,2/,1/,2/,2/,2/,1/,1/,1/,1/,1/,1/,2/,2/,1/,1/,2/,1/,1/,2/,1/,2/,2/,2/,2/,2/,2/,1/","1,1,2,32","","","","","","","","","1","Green2","10B1"
"3609.4149999989895","39","613276","1/,1/,2/,1/,1/,1/,1/,1/,2/,2/,1/,2/,2/,1/,2/,1/,2/,1/,2/,2/,2/,1/,1/,1/,1/,1/,1/,2/,2/,1/,1/,2/,1/,1/,2/,1/,2/,2/,2/,2/,2/,2/,1/","1,1,2,32","","","","","","","","","1","Green2","10B1"
"2543.0000000051223","39","619530","1/,1/,2/,1/,1/,1/,1/,1/,2/,2/,1/,2/,2/,1/,2/,1/,2/,1/,2/,2/,2/,1/,1/,1/,1/,1/,1/,2/,2/,1/,1/,2/,1/,1/,2/,1/,2/,2/,2/,2/,2/,2/,1/","1,1,2,32","","","","","","","","","-1","Red2","10B1"
"5133.949999988545","39","628374","1/,1/,2/,1/,1/,1/,1/,1/,2/,2/,1/,2/,2/,1/,2/,1/,2/,1/,2/,2/,2/,1/,1/,1/,1/,1/,1/,2/,2/,1/,1/,2/,1/,1/,2/,1/,2/,2/,2/,2/,2/,2/,1/","1,1,2,32","","","","","","","","","1","Green2","10B1"
"1218.429999993532","39","633307","1/,1/,2/,1/,1/,1/,1/,1/,2/,2/,1/,2/,2/,1/,2/,1/,2/,1/,2/,2/,2/,1/,1/,1/,1/,1/,1/,2/,2/,1/,1/,2/,1/,1/,2/,1/,2/,2/,2/,2/,2/,2/,1/","1,1,2,32","4A1,4A2","0,0.3,0.7,0.1,0.2,0.7","0,-1,1","s","15A1,15A2","0,0.7,0.3,0.1,0.2,0.7","3,-1,1","s","","",""
"2077.6150000019697","37","637093","1/,1/,2/,1/,1/,1/,1/,1/,2/,2/,1/,2/,2/,1/,2/,1/,2/,1/,2/,2/,2/,1/,1/,1/,1/,1/,1/,2/,2/,1/,1/,2/,1/,1/,2/,1/,2/,2/,2/,2/,2/,2/,1/","1,1,2,32","","","","","","","","","0","Red2","4A1"
"3873.200000001816","39","644679","1/,1/,2/,1/,1/,1/,1/,1/,2/,2/,1/,2/,2/,1/,2/,1/,2/,1/,2/,2/,2/,1/,1/,1/,1/,1/,1/,2/,2/,1/,1/,2/,1/,1/,2/,1/,2/,2/,2/,2/,2/,2/,1/","1,1,2,32","","","","","","","","","-1","Green2","4A2"
"740.2500000025611","37","649133","1/,1/,2/,1/,1/,1/,1/,1/,2/,2/,1/,2/,2/,1/,2/,1/,2/,1/,2/,2/,2/,1/,1/,1/,1/,1/,1/,2/,2/,1/,1/,2/,1/,1/,2/,1/,2/,2/,2/,2/,2/,2/,1/","1,1,2,32","","","","","","","","","1","Blue2","4A1"
"564.5749999966938","37","653410","1/,1/,2/,1/,1/,1/,1/,1/,2/,2/,1/,2/,2/,1/,2/,1/,2/,1/,2/,2/,2/,1/,1/,1/,1/,1/,1/,2/,2/,1/,1/,2/,1/,1/,2/,1/,2/,2/,2/,2/,2/,2/,1/","1,1,2,32","","","","","","","","","1","Blue2","4A1"
"477.1750000072643","37","657599","1/,1/,2/,1/,1/,1/,1/,1/,2/,2/,1/,2/,2/,1/,2/,1/,2/,1/,2/,2/,2/,1/,1/,1/,1/,1/,1/,2/,2/,1/,1/,2/,1/,1/,2/,1/,2/,2/,2/,2/,2/,2/,1/","1,1,2,32","15A2,15A1","0.1,0.2,0.7,0,0.7,0.3","-1,-2,1","s","20A2,20A1","0.15,0.2,0.65,0,0.78,0.22","-1,2,1","a","","",""
"5523.939999999129","39","664828","1/,1/,2/,1/,1/,1/,1/,1/,2/,2/,1/,2/,2/,1/,2/,1/,2/,1/,2/,2/,2/,1/,1/,1/,1/,1/,1/,2/,2/,1/,1/,2/,1/,1/,2/,1/,2/,2/,2/,2/,2/,2/,1/","1,1,2,32","","","","","","","","","-2","Green2","15A1"
"762.73499999661","39","669304","1/,1/,2/,1/,1/,1/,1/,1/,2/,2/,1/,2/,2/,1/,2/,1/,2/,1/,2/,2/,2/,1/,1/,1/,1/,1/,1/,2/,2/,1/,1/,2/,1/,1/,2/,1/,2/,2/,2/,2/,2/,2/,1/","1,1,2,32","","","","","","","","","-2","Green2","15A1"
"150.37499999743886","37","673169","1/,1/,2/,1/,1/,1/,1/,1/,2/,2/,1/,2/,2/,1/,2/,1/,2/,1/,2/,2/,2/,1/,1/,1/,1/,1/,1/,2/,2/,1/,1/,2/,1/,1/,2/,1/,2/,2/,2/,2/,2/,2/,1/","1,1,2,32","","","","","","","","","1","Blue2","15A2"
"466.9150000117952","37","677348","1/,1/,2/,1/,1/,1/,1/,1/,2/,2/,1/,2/,2/,1/,2/,1/,2/,1/,2/,2/,2/,1/,1/,1/,1/,1/,1/,2/,2/,1/,1/,2/,1/,1/,2/,1/,2/,2/,2/,2/,2/,2/,1/","1,1,2,32","","","","","","","","","1","Blue2","15A2"
"417.635000005248","39","681481","1/,1/,2/,1/,1/,1/,1/,1/,2/,2/,1/,2/,2/,1/,2/,1/,2/,1/,2/,2/,2/,1/,1/,1/,1/,1/,1/,2/,2/,1/,1/,2/,1/,1/,2/,1/,2/,2/,2/,2/,2/,2/,1/","1,1,2,32","10B2,10B1","0.2,0.73,0.07,0.6,0.4,0","-1,1,1","s","20B2,20B1","0.2,0.65,0.15,0.78,0.22,0","1,0,0","s","","",""
"2130.72000000102","39","685320","1/,1/,2/,1/,1/,1/,1/,1/,2/,2/,1/,2/,2/,1/,2/,1/,2/,1/,2/,2/,2/,1/,1/,1/,1/,1/,1/,2/,2/,1/,1/,2/,1/,1/,2/,1/,2/,2/,2/,2/,2/,2/,1/","1,1,2,32","","","","","","","","","1","Green2","10B1"
"749.4749999896158","39","689788","1/,1/,2/,1/,1/,1/,1/,1/,2/,2/,1/,2/,2/,1/,2/,1/,2/,1/,2/,2/,2/,1/,1/,1/,1/,1/,1/,2/,2/,1/,1/,2/,1/,1/,2/,1/,2/,2/,2/,2/,2/,2/,1/","1,1,2,32","","","","","","","","","-1","Red2","10B1"
"305.43500000203494","37","693807","1/,1/,2/,1/,1/,1/,1/,1/,2/,2/,1/,2/,2/,1/,2/,1/,2/,1/,2/,2/,2/,1/,1/,1/,1/,1/,1/,2/,2/,1/,1/,2/,1/,1/,2/,1/,2/,2/,2/,2/,2/,2/,1/","1,1,2,32","","","","","","","","","-1","Red2","10B2"
"531.5999999875203","39","698047","1/,1/,2/,1/,1/,1/,1/,1/,2/,2/,1/,2/,2/,1/,2/,1/,2/,1/,2/,2/,2/,1/,1/,1/,1/,1/,1/,2/,2/,1/,1/,2/,1/,1/,2/,1/,2/,2/,2/,2/,2/,2/,1/","1,1,2,32","","","","","","","","","-1","Red2","10B1"
"446.10000000102445","37","702205","1/,1/,2/,1/,1/,1/,1/,1/,2/,2/,1/,2/,2/,1/,2/,1/,2/,1/,2/,2/,2/,1/,1/,1/,1/,1/,1/,2/,2/,1/,1/,2/,1/,1/,2/,1/,2/,2/,2/,2/,2/,2/,1/","1,1,2,32","10B2,10B1","0.2,0.73,0.07,0.6,0.4,0","1,-1,1","a","4B2,4B1","0.2,0.7,0.1,0.3,0.7,0","1,2,1","s","","",""
"519.7150000021793","39","704432","1/,1/,2/,1/,1/,1/,1/,1/,2/,2/,1/,2/,2/,1/,2/,1/,2/,1/,2/,2/,2/,1/,1/,1/,1/,1/,1/,2/,2/,1/,1/,2/,1/,1/,2/,1/,2/,2/,2/,2/,2/,2/,1/","1,1,2,32","","","","","","","","","-1","Green2","10B1"
"366.35999999998603","37","708515","1/,1/,2/,1/,1/,1/,1/,1/,2/,2/,1/,2/,2/,1/,2/,1/,2/,1/,2/,2/,2/,1/,1/,1/,1/,1/,1/,2/,2/,1/,1/,2/,1/,1/,2/,1/,2/,2/,2/,2/,2/,2/,1/","1,1,2,32","","","","","","","","","1","Red2","10B2"
"303.14499999803957","39","712534","1/,1/,2/,1/,1/,1/,1/,1/,2/,2/,1/,2/,2/,1/,2/,1/,2/,1/,2/,2/,2/,1/,1/,1/,1/,1/,1/,2/,2/,1/,1/,2/,1/,1/,2/,1/,2/,2/,2/,2/,2/,2/,1/","1,1,2,32","","","","","","","","","-1","Green2","10B1"
"330.82000000285916","37","716577","1/,1/,2/,1/,1/,1/,1/,1/,2/,2/,1/,2/,2/,1/,2/,1/,2/,1/,2/,2/,2/,1/,1/,1/,1/,1/,1/,2/,2/,1/,1/,2/,1/,1/,2/,1/,2/,2/,2/,2/,2/,2/,1/","1,1,2,32","","","","","","","","","-1","Green2","10B2"
"646.470000006957","39","720935","1/,1/,2/,1/,1/,1/,1/,1/,2/,2/,1/,2/,2/,1/,2/,1/,2/,1/,2/,2/,2/,1/,1/,1/,1/,1/,1/,2/,2/,1/,1/,2/,1/,1/,2/,1/,2/,2/,2/,2/,2/,2/,1/","1,1,2,32","20B1,20B2","0.78,0.22,0,0.2,0.65,0.15","0,1,-1","a","10B1,10B2","0.6,0.4,0,0.2,0.73,0.07","-1,1,1","a","","",""
"5586.100000000442","39","728229","1/,1/,2/,1/,1/,1/,1/,1/,2/,2/,1/,2/,2/,1/,2/,1/,2/,1/,2/,2/,2/,1/,1/,1/,1/,1/,1/,2/,2/,1/,1/,2/,1/,1/,2/,1/,2/,2/,2/,2/,2/,2/,1/","1,1,2,32","","","","","","","","","0","Red2","20B2"
"823.4650000085821","39","733920","1/,1/,2/,1/,1/,1/,1/,1/,2/,2/,1/,2/,2/,1/,2/,1/,2/,1/,2/,2/,2/,1/,1/,1/,1/,1/,1/,2/,2/,1/,1/,2/,1/,1/,2/,1/,2/,2/,2/,2/,2/,2/,1/","1,1,2,32","","","","","","","","","1","Green2","20B2"
"366.2099999928614","37","738001","1/,1/,2/,1/,1/,1/,1/,1/,2/,2/,1/,2/,2/,1/,2/,1/,2/,1/,2/,2/,2/,1/,1/,1/,1/,1/,1/,2/,2/,1/,1/,2/,1/,1/,2/,1/,2/,2/,2/,2/,2/,2/,1/","1,1,2,32","","","","","","","","","-1","Blue2","20B1"
"324.8349999921629","39","742040","1/,1/,2/,1/,1/,1/,1/,1/,2/,2/,1/,2/,2/,1/,2/,1/,2/,1/,2/,2/,2/,1/,1/,1/,1/,1/,1/,2/,2/,1/,1/,2/,1/,1/,2/,1/,2/,2/,2/,2/,2/,2/,1/","1,1,2,32","","","","","","","","","0","Red2","20B2"
"507.4050000112038","37","746261","1/,1/,2/,1/,1/,1/,1/,1/,2/,2/,1/,2/,2/,1/,2/,1/,2/,1/,2/,2/,2/,1/,1/,1/,1/,1/,1/,2/,2/,1/,1/,2/,1/,1/,2/,1/,2/,2/,2/,2/,2/,2/,1/","1,1,2,32","4B2,4B1","0.2,0.7,0.1,0.3,0.7,0","1,2,1","s","20B2,20B1","0.2,0.65,0.15,0.78,0.22,0","1,0,0","s","","",""
"665.2949999988778","39","748639","1/,1/,2/,1/,1/,1/,1/,1/,2/,2/,1/,2/,2/,1/,2/,1/,2/,1/,2/,2/,2/,1/,1/,1/,1/,1/,1/,2/,2/,1/,1/,2/,1/,1/,2/,1/,2/,2/,2/,2/,2/,2/,1/","1,1,2,32","","","","","","","","","1","Red2","4B1"
"330.6449999945471","37","752683","1/,1/,2/,1/,1/,1/,1/,1/,2/,2/,1/,2/,2/,1/,2/,1/,2/,1/,2/,2/,2/,1/,1/,1/,1/,1/,1/,2/,2/,1/,1/,2/,1/,1/,2/,1/,2/,2/,2/,2/,2/,2/,1/","1,1,2,32","","","","","","","","","2","Green2","4B2"
"301.23499999172054","39","756698","1/,1/,2/,1/,1/,1/,1/,1/,2/,2/,1/,2/,2/,1/,2/,1/,2/,1/,2/,2/,2/,1/,1/,1/,1/,1/,1/,2/,2/,1/,1/,2/,1/,1/,2/,1/,2/,2/,2/,2/,2/,2/,1/","1,1,2,32","","","","","","","","","1","Red2","4B1"
"417.46000001148786","39","760825","1/,1/,2/,1/,1/,1/,1/,1/,2/,2/,1/,2/,2/,1/,2/,1/,2/,1/,2/,2/,2/,1/,1/,1/,1/,1/,1/,2/,2/,1/,1/,2/,1/,1/,2/,1/,2/,2/,2/,2/,2/,2/,1/","1,1,2,32","","","","","","","","","2","Green2","4B1"
"307.8200000018114","37","764843","1/,1/,2/,1/,1/,1/,1/,1/,2/,2/,1/,2/,2/,1/,2/,1/,2/,1/,2/,2/,2/,1/,1/,1/,1/,1/,1/,2/,2/,1/,1/,2/,1/,1/,2/,1/,2/,2/,2/,2/,2/,2/,1/","1,1,2,32","20B1,20B2","0.78,0.22,0,0.2,0.65,0.15","0,1,-1","a","15B1,15B2","0.7,0.3,0,0.2,0.7,0.1","1,2,-1","s","","",""
"274.6800000022631","37","766823","1/,1/,2/,1/,1/,1/,1/,1/,2/,2/,1/,2/,2/,1/,2/,1/,2/,1/,2/,2/,2/,1/,1/,1/,1/,1/,1/,2/,2/,1/,1/,2/,1/,1/,2/,1/,2/,2/,2/,2/,2/,2/,1/","1,1,2,32","","","","","","","","","1","Green2","20B1"
"331.64999999280553","39","770868","1/,1/,2/,1/,1/,1/,1/,1/,2/,2/,1/,2/,2/,1/,2/,1/,2/,1/,2/,2/,2/,1/,1/,1/,1/,1/,1/,2/,2/,1/,1/,2/,1/,1/,2/,1/,2/,2/,2/,2/,2/,2/,1/","1,1,2,32","","","","","","","","","0","Red2","20B2"
"339.0300000028219","39","774921","1/,1/,2/,1/,1/,1/,1/,1/,2/,2/,1/,2/,2/,1/,2/,1/,2/,1/,2/,2/,2/,1/,1/,1/,1/,1/,1/,2/,2/,1/,1/,2/,1/,1/,2/,1/,2/,2/,2/,2/,2/,2/,1/","1,1,2,32","","","","","","","","","1","Green2","20B2"
"1591.6250000009313","39","781527","1/,1/,2/,1/,1/,1/,1/,1/,2/,2/,1/,2/,2/,1/,2/,1/,2/,1/,2/,2/,2/,1/,1/,1/,1/,1/,1/,2/,2/,1/,1/,2/,1/,1/,2/,1/,2/,2/,2/,2/,2/,2/,1/","1,1,2,32","","","","","","","","","0","Red2","20B2"
"1159.1799999878276","39","786396","1/,1/,2/,1/,1/,1/,1/,1/,2/,2/,1/,2/,2/,1/,2/,1/,2/,1/,2/,2/,2/,1/,1/,1/,1/,1/,1/,2/,2/,1/,1/,2/,1/,1/,2/,1/,2/,2/,2/,2/,2/,2/,1/","1,1,2,32","15B2,15B1","0.2,0.7,0.1,0.7,0.3,0","2,1,2","s","20B2,20B1","0.2,0.65,0.15,0.78,0.22,0","1,0,0","s","","",""
"309.04500000178814","39","788412","1/,1/,2/,1/,1/,1/,1/,1/,2/,2/,1/,2/,2/,1/,2/,1/,2/,1/,2/,2/,2/,1/,1/,1/,1/,1/,1/,2/,2/,1/,1/,2/,1/,1/,2/,1/,2/,2/,2/,2/,2/,2/,1/","1,1,2,32","","","","","","","","","2","Red2","15B1"
"629.9049999943236","39","792754","1/,1/,2/,1/,1/,1/,1/,1/,2/,2/,1/,2/,2/,1/,2/,1/,2/,1/,2/,2/,2/,1/,1/,1/,1/,1/,1/,2/,2/,1/,1/,2/,1/,1/,2/,1/,2/,2/,2/,2/,2/,2/,1/","1,1,2,32","","","","","","","","","2","Red2","15B1"
"396.37000000220723","39","796865","1/,1/,2/,1/,1/,1/,1/,1/,2/,2/,1/,2/,2/,1/,2/,1/,2/,1/,2/,2/,2/,1/,1/,1/,1/,1/,1/,2/,2/,1/,1/,2/,1/,1/,2/,1/,2/,2/,2/,2/,2/,2/,1/","1,1,2,32","","","","","","","","","1","Green2","15B1"
"347.9000000079395","39","800923","1/,1/,2/,1/,1/,1/,1/,1/,2/,2/,1/,2/,2/,1/,2/,1/,2/,1/,2/,2/,2/,1/,1/,1/,1/,1/,1/,2/,2/,1/,1/,2/,1/,1/,2/,1/,2/,2/,2/,2/,2/,2/,1/","1,1,2,32","","","","","","","","","2","Red2","15B1"
"610.7149999879766","37","805245","1/,1/,2/,1/,1/,1/,1/,1/,2/,2/,1/,2/,2/,1/,2/,1/,2/,1/,2/,2/,2/,1/,1/,1/,1/,1/,1/,2/,2/,1/,1/,2/,1/,1/,2/,1/,2/,2/,2/,2/,2/,2/,1/","1,1,2,32","20A1,20A2","0,0.78,0.22,0.15,0.2,0.65","-1,2,-1","s","10A1,10A2","0,0.6,0.4,0.07,0.2,0.73","2,2,1","a","","",""
"323.48999999521766","37","807275","1/,1/,2/,1/,1/,1/,1/,1/,2/,2/,1/,2/,2/,1/,2/,1/,2/,1/,2/,2/,2/,1/,1/,1/,1/,1/,1/,2/,2/,1/,1/,2/,1/,1/,2/,1/,2/,2/,2/,2/,2/,2/,1/","1,1,2,32","","","","","","","","","-1","Blue2","20A1"
"499.6099999989383","37","811488","1/,1/,2/,1/,1/,1/,1/,1/,2/,2/,1/,2/,2/,1/,2/,1/,2/,1/,2/,2/,2/,1/,1/,1/,1/,1/,1/,2/,2/,1/,1/,2/,1/,1/,2/,1/,2/,2/,2/,2/,2/,2/,1/","1,1,2,32","","","","","","","","","2","Green2","20A1"
"317.91499999235384","37","815520","1/,1/,2/,1/,1/,1/,1/,1/,2/,2/,1/,2/,2/,1/,2/,1/,2/,1/,2/,2/,2/,1/,1/,1/,1/,1/,1/,2/,2/,1/,1/,2/,1/,1/,2/,1/,2/,2/,2/,2/,2/,2/,1/","1,1,2,32","","","","","","","","","2","Green2","20A1"
"341.03999999933876","37","819575","1/,1/,2/,1/,1/,1/,1/,1/,2/,2/,1/,2/,2/,1/,2/,1/,2/,1/,2/,2/,2/,1/,1/,1/,1/,1/,1/,2/,2/,1/,1/,2/,1/,1/,2/,1/,2/,2/,2/,2/,2/,2/,1/","1,1,2,32","","","","","","","","","2","Green2","20A1"
"283.14500000851694","37","823571","1/,1/,2/,1/,1/,1/,1/,1/,2/,2/,1/,2/,2/,1/,2/,1/,2/,1/,2/,2/,2/,1/,1/,1/,1/,1/,1/,2/,2/,1/,1/,2/,1/,1/,2/,1/,2/,2/,2/,2/,2/,2/,1/","1,1,2,32","10A1,10A2","0,0.6,0.4,0.07,0.2,0.73","2,2,1","s","4A1,4A2","0,0.3,0.7,0.1,0.2,0.7","0,-1,1","s","","",""
"700.4299999971408","39","825977","1/,1/,2/,1/,1/,1/,1/,1/,2/,2/,1/,2/,2/,1/,2/,1/,2/,1/,2/,2/,2/,1/,1/,1/,1/,1/,1/,2/,2/,1/,1/,2/,1/,1/,2/,1/,2/,2/,2/,2/,2/,2/,1/","1,1,2,32","","","","","","","","","2","Green2","10A2"
"1628.8449999992736","37","831315","1/,1/,2/,1/,1/,1/,1/,1/,2/,2/,1/,2/,2/,1/,2/,1/,2/,1/,2/,2/,2/,1/,1/,1/,1/,1/,1/,2/,2/,1/,1/,2/,1/,1/,2/,1/,2/,2/,2/,2/,2/,2/,1/","1,1,2,32","","","","","","","","","2","Green2","10A1"
"6338.610000006156","39","841365","1/,1/,2/,1/,1/,1/,1/,1/,2/,2/,1/,2/,2/,1/,2/,1/,2/,1/,2/,2/,2/,1/,1/,1/,1/,1/,1/,2/,2/,1/,1/,2/,1/,1/,2/,1/,2/,2/,2/,2/,2/,2/,1/","1,1,2,32","","","","","","","","","2","Green2","10A2"
"256.70999998692423","37","845337","1/,1/,2/,1/,1/,1/,1/,1/,2/,2/,1/,2/,2/,1/,2/,1/,2/,1/,2/,2/,2/,1/,1/,1/,1/,1/,1/,2/,2/,1/,1/,2/,1/,1/,2/,1/,2/,2/,2/,2/,2/,2/,1/","1,1,2,32","","","","","","","","","2","Red2","10A1"
"327.06499999039806","37","849374","1/,1/,2/,1/,1/,1/,1/,1/,2/,2/,1/,2/,2/,1/,2/,1/,2/,1/,2/,2/,2/,1/,1/,1/,1/,1/,1/,2/,2/,1/,1/,2/,1/,1/,2/,1/,2/,2/,2/,2/,2/,2/,1/","1,1,2,32","10A2,10A1","0.07,0.2,0.73,0,0.6,0.4","2,2,1","s","20A2,20A1","0.15,0.2,0.65,0,0.78,0.22","-1,2,1","a","","",""
"351.7500000016298","37","851431","1/,1/,2/,1/,1/,1/,1/,1/,2/,2/,1/,2/,2/,1/,2/,1/,2/,1/,2/,2/,2/,1/,1/,1/,1/,1/,1/,2/,2/,1/,1/,2/,1/,1/,2/,1/,2/,2/,2/,2/,2/,2/,1/","1,1,2,32","","","","","","","","","1","Blue2","10A2"
"301.210000005085","37","855439","1/,1/,2/,1/,1/,1/,1/,1/,2/,2/,1/,2/,2/,1/,2/,1/,2/,1/,2/,2/,2/,1/,1/,1/,1/,1/,1/,2/,2/,1/,1/,2/,1/,1/,2/,1/,2/,2/,2/,2/,2/,2/,1/","1,1,2,32","","","","","","","","","1","Blue2","10A2"
"425.8999999874504","39","859572","1/,1/,2/,1/,1/,1/,1/,1/,2/,2/,1/,2/,2/,1/,2/,1/,2/,1/,2/,2/,2/,1/,1/,1/,1/,1/,1/,2/,2/,1/,1/,2/,1/,1/,2/,1/,2/,2/,2/,2/,2/,2/,1/","1,1,2,32","","","","","","","","","1","Blue2","10A1"
"269.76000001013745","37","863553","1/,1/,2/,1/,1/,1/,1/,1/,2/,2/,1/,2/,2/,1/,2/,1/,2/,1/,2/,2/,2/,1/,1/,1/,1/,1/,1/,2/,2/,1/,1/,2/,1/,1/,2/,1/,2/,2/,2/,2/,2/,2/,1/","1,1,2,32","","","","","","","","","1","Blue2","10A2"
"3578.289999990375","37","870847","1/,1/,2/,1/,1/,1/,1/,1/,2/,2/,1/,2/,2/,1/,2/,1/,2/,1/,2/,2/,2/,1/,1/,1/,1/,1/,1/,2/,2/,1/,1/,2/,1/,1/,2/,1/,2/,2/,2/,2/,2/,2/,1/","1,1,2,32","20B1,20B2","0.78,0.22,0,0.2,0.65,0.15","1,0,0","a","4B1,4B2","0.3,0.7,0,0.2,0.7,0.1","1,2,1","a","","",""
"9573.110000012093","37","882126","1/,1/,2/,1/,1/,1/,1/,1/,2/,2/,1/,2/,2/,1/,2/,1/,2/,1/,2/,2/,2/,1/,1/,1/,1/,1/,1/,2/,2/,1/,1/,2/,1/,1/,2/,1/,2/,2/,2/,2/,2/,2/,1/","1,1,2,32","","","","","","","","","0","Green2","20B1"
"2812.984999996843","39","888652","1/,1/,2/,1/,1/,1/,1/,1/,2/,2/,1/,2/,2/,1/,2/,1/,2/,1/,2/,2/,2/,1/,1/,1/,1/,1/,1/,2/,2/,1/,1/,2/,1/,1/,2/,1/,2/,2/,2/,2/,2/,2/,1/","1,1,2,32","","","","","","","","","1","Red2","20B2"
"481.62500000034925","37","892840","1/,1/,2/,1/,1/,1/,1/,1/,2/,2/,1/,2/,2/,1/,2/,1/,2/,1/,2/,2/,2/,1/,1/,1/,1/,1/,1/,2/,2/,1/,1/,2/,1/,1/,2/,1/,2/,2/,2/,2/,2/,2/,1/","1,1,2,32","","","","","","","","","0","Green2","20B1"
"310.56500000704546","37","896864","1/,1/,2/,1/,1/,1/,1/,1/,2/,2/,1/,2/,2/,1/,2/,1/,2/,1/,2/,2/,2/,1/,1/,1/,1/,1/,1/,2/,2/,1/,1/,2/,1/,1/,2/,1/,2/,2/,2/,2/,2/,2/,1/","1,1,2,32","","","","","","","","","1","Red2","20B1"
"8805.560000007972","37","910837","1/,1/,2/,1/,1/,1/,1/,1/,2/,2/,1/,2/,2/,1/,2/,1/,2/,1/,2/,2/,2/,1/,1/,1/,1/,1/,1/,2/,2/,1/,1/,2/,1/,1/,2/,1/,2/,2/,2/,2/,2/,2/,1/","1,1,2,32","15B1,15B2","0.7,0.3,0,0.2,0.7,0.1","2,1,2","a","4B1,4B2","0.3,0.7,0,0.2,0.7,0.1","1,2,1","a","","",""
"829.3799999955809","37","913373","1/,1/,2/,1/,1/,1/,1/,1/,2/,2/,1/,2/,2/,1/,2/,1/,2/,1/,2/,2/,2/,1/,1/,1/,1/,1/,1/,2/,2/,1/,1/,2/,1/,1/,2/,1/,2/,2/,2/,2/,2/,2/,1/","1,1,2,32","","","","","","","","","2","Red2","15B1"
"7048.509999993257","39","924132","1/,1/,2/,1/,1/,1/,1/,1/,2/,2/,1/,2/,2/,1/,2/,1/,2/,1/,2/,2/,2/,1/,1/,1/,1/,1/,1/,2/,2/,1/,1/,2/,1/,1/,2/,1/,2/,2/,2/,2/,2/,2/,1/","1,1,2,32","","","","","","","","","1","Green2","15B2"
"396.3649999932386","37","928245","1/,1/,2/,1/,1/,1/,1/,1/,2/,2/,1/,2/,2/,1/,2/,1/,2/,1/,2/,2/,2/,1/,1/,1/,1/,1/,1/,2/,2/,1/,1/,2/,1/,1/,2/,1/,2/,2/,2/,2/,2/,2/,1/","1,1,2,32","","","","","","","","","2","Red2","15B1"
"1171.360000007553","39","933131","1/,1/,2/,1/,1/,1/,1/,1/,2/,2/,1/,2/,2/,1/,2/,1/,2/,1/,2/,2/,2/,1/,1/,1/,1/,1/,1/,2/,2/,1/,1/,2/,1/,1/,2/,1/,2/,2/,2/,2/,2/,2/,1/","1,1,2,32","","","","","","","","","1","Green2","15B2"
